{
    "sources": [
        {
            "URL": "https://sinay.ai/en/what-is-a-digital-twin/",
            "abstract": "Digital Twin technology is enabling us to see what is happening now – and in the future – to our physical port assets and port infrastructure.",
            "accessed": {
                "date-parts": [
                    [
                        2024,
                        6,
                        3
                    ]
                ]
            },
            "container-title": "https://sinay.ai/",
            "id": "noauthor_what_nodate",
            "note": "Section: Digitalization",
            "title": "What Is a Digital Twin for Ports? Example in Livorno, Italy",
            "title-short": "What Is a Digital Twin for Ports?",
            "type": ""
        },
        {
            "URL": "https://hdl.handle.net/11362/48050",
            "abstract": "El presente Boletín FAL se inscribe dentro de las Reflexiones sobre Tecnologías Disruptivas en el Transporte de la CEPAL. Esta edición analiza en particular las oportunidades y los desafíos que la implementación de gemelos digitales puede tener en la competitividad de operaciones logísticas y puertos. El documento señala la importancia de los gemelos digitales como una de las nuevas tecnologías claves para el desarrollo de la infraestructura logística y urbana, cuya aplicación en los países de América Latina y Caribe proporcionaría muchos beneficios. En particular, permitiría optimizar las operaciones en los puertos de la región, lo que resulta fundamental para la inserción de los países en el comercio internacional y las cadenas globales de valor.",
            "accessed": {
                "date-parts": [
                    [
                        2024,
                        6,
                        3
                    ]
                ]
            },
            "author": [
                {
                    "family": "Aita",
                    "given": "Diogo"
                }
            ],
            "id": "aita_digitalizacion_2022",
            "issued": {
                "date-parts": [
                    [
                        2022,
                        8
                    ]
                ]
            },
            "note": "Publisher: CEPAL",
            "title": "Digitalización en puertos: Aplicación de gemelos digitales en la complejidad logística",
            "title-short": "Digitalización en puertos",
            "type": "article-journal"
        },
        {
            "URL": "https://www.portsaustralia.com.au/news/port-digital-twins-discussion-paper",
            "author": [
                {
                    "literal": "Ports Australia"
                }
            ],
            "id": "portsaustralia2022digital",
            "issued": {
                "date-parts": [
                    [
                        2022
                    ]
                ]
            },
            "publisher": "Ports Australia",
            "title": "Port digital twins discussion paper",
            "type": "report"
        },
        {
            "author": [
                {
                    "family": "Florido",
                    "given": "Jose Antonio Gonzalez"
                },
                {
                    "family": "González",
                    "given": "Alejandro Cadenas"
                }
            ],
            "container-title": "Journal of Ports & Terminals",
            "id": "florido2019digital",
            "issued": {
                "date-parts": [
                    [
                        2019
                    ]
                ]
            },
            "publisher": "Port Technology International",
            "title": "How “digital twins” are evolving ports",
            "type": "article-journal"
        },
        {
            "author": [
                {
                    "dropping-particle": "of",
                    "family": "NSW",
                    "given": "Port Authority"
                }
            ],
            "container-title": "Infrastructure Magazine",
            "id": "nsw2024digital",
            "issued": {
                "date-parts": [
                    [
                        2024
                    ]
                ]
            },
            "publisher": "Prime Creative Media",
            "title": "Visualise and simulate: Award-winning digital twin for NSW ports",
            "title-short": "Visualise and simulate",
            "type": "article-journal"
        },
        {
            "author": [
                {
                    "family": "Li",
                    "given": "Haobin"
                },
                {
                    "family": "Cao",
                    "given": "Xinhu"
                },
                {
                    "family": "Sharma",
                    "given": "Pankaj"
                },
                {
                    "family": "Lee",
                    "given": "Loo Hay"
                },
                {
                    "family": "Chew",
                    "given": "Ek Peng"
                }
            ],
            "container-title": "2020 winter simulation conference (WSC)",
            "id": "li2020framework",
            "issued": {
                "date-parts": [
                    [
                        2020
                    ]
                ]
            },
            "page": "3188-3199",
            "publisher": "IEEE",
            "title": "Framework of o 2 DES. NET digital twins for next generation ports and warehouse solutions",
            "type": "paper-conference"
        },
        {
            "author": [
                {
                    "family": "Neugebauer",
                    "given": "Julian"
                },
                {
                    "family": "Heilig",
                    "given": "Leonard"
                },
                {
                    "family": "Voß",
                    "given": "Stefan"
                }
            ],
            "container-title": "Flexible Services and Manufacturing Journal",
            "id": "neugebauer2024digital",
            "issued": {
                "date-parts": [
                    [
                        2024
                    ]
                ]
            },
            "page": "1-97",
            "publisher": "Springer",
            "title": "Digital twins in the context of seaports and terminal facilities",
            "type": "article-journal"
        },
        {
            "author": [
                {
                    "family": "Mishra",
                    "given": "Madhav"
                },
                {
                    "family": "Lind",
                    "given": "Mikael"
                },
                {
                    "family": "Karlsson",
                    "given": "Mathias"
                },
                {
                    "family": "Haraldson",
                    "given": "Sandra"
                },
                {
                    "family": "Lind",
                    "given": "Kenneth"
                },
                {
                    "family": "Olsson",
                    "given": "Eddie"
                }
            ],
            "container-title": "RISE Research Institutes of Sweden",
            "id": "mishra2023digital",
            "issued": {
                "date-parts": [
                    [
                        2023
                    ]
                ]
            },
            "title": "Digital twins of multi-purpose ports, for operational planning",
            "type": "article-journal"
        },
        {
            "URL": "https://sinay.ai/en/what-is-a-digital-twin/",
            "author": [
                {
                    "family": "Sinay"
                }
            ],
            "id": "sinay2023digital",
            "issued": {
                "date-parts": [
                    [
                        2023
                    ]
                ]
            },
            "title": "¿Qué es un gemelo digital para puertos? Ejemplo en livorno, italia",
            "type": ""
        },
        {
            "URL": "https://www.envisionesl.com/blog/digital-twins-and-smart-ports",
            "author": [
                {
                    "family": "Envision"
                }
            ],
            "container-title": "Envision Blog",
            "id": "envision2022digital",
            "issued": {
                "date-parts": [
                    [
                        2022
                    ]
                ]
            },
            "title": "Digital twins and smart ports",
            "type": "article-journal"
        },
        {
            "author": [
                {
                    "family": "Klar",
                    "given": "Robert"
                },
                {
                    "family": "Fredriksson",
                    "given": "Anna"
                },
                {
                    "family": "Angelakis",
                    "given": "Vangelis"
                }
            ],
            "container-title": "IEEE Access",
            "id": "klar2023digital",
            "issued": {
                "date-parts": [
                    [
                        2023
                    ]
                ]
            },
            "page": "12345-12360",
            "publisher": "IEEE",
            "title": "Digital twins for ports: Derived from smart city and supply chain twinning experience",
            "title-short": "Digital twins for ports",
            "type": "article-journal",
            "volume": "11"
        },
        {
            "author": [
                {
                    "family": "Klar",
                    "given": "Robert"
                }
            ],
            "genre": "PhD thesis",
            "id": "klar2024digital",
            "issued": {
                "date-parts": [
                    [
                        2024
                    ]
                ]
            },
            "publisher": "Linköping University Electronic Press",
            "title": "Digital twinning for ports: From characterization to operations’ modelling",
            "title-short": "Digital twinning for ports",
            "type": "thesis"
        },
        {
            "URL": "https://www.3dcityscapes.ca/our-team/",
            "accessed": {
                "date-parts": [
                    [
                        2024,
                        6,
                        5
                    ]
                ]
            },
            "id": "noauthor_our_nodate",
            "title": "Our Team – 3D CityScapes",
            "type": ""
        }
    ],
    "project_biblios": []
}